,id,playerName,eventType,shotType,situation,teamId,playerId,x,y,min,period,isOwnGoal,isBlocked,isOnTarget,isSavedOffLine,isFromInsideBox,blockedX,blockedY,goalCrossedY,goalCrossedZ,expectedGoals,expectedGoalsOnTarget,box,homeTeamId,awayTeamId,homeTeamName,awayTeamName,homeScore,awayScore,matchId,matchDate,teamColor,teamColorDark,onGoalShot.x,onGoalShot.y,onGoalShot.zoomRatio,minAdded
0,2709659175,Antoine Semenyo,AttemptSaved,RightFoot,RegularPlay,8678,933576,86.1382352936,30.4925,5,FirstHalf,False,True,True,False,False,88.8,31.1025,35.22,1.219999994,0.0598145313560963,0.0,OutsideBox,10203,8678,Nottingham Forest,AFC Bournemouth,1,1,4506268,2024-08-17T14:00:00Z,#D71921,#D71921,0.677248677248676,0.322751321164021,1.0,
1,2709730277,Antoine Semenyo,Miss,LeftFoot,RegularPlay,8678,933576,90.5,19.7253503212,45,FirstHalf,False,False,False,False,True,,,38.872619049,0.1797894728,0.0303235650062561,0.0,InsideBox,10203,8678,Nottingham Forest,AFC Bournemouth,1,1,4506268,2024-08-17T14:00:00Z,#D71921,#D71921,0.0,0.0368979128045928,0.775763498436383,1.0
2,2709788311,Antoine Semenyo,Miss,RightFoot,RegularPlay,8678,933576,78.4305825256,46.8733757928,63,SecondHalf,False,False,False,False,False,,,21.0565605129,6.0271724248,0.0147600974887609,0.0,OutsideBox,10203,8678,Nottingham Forest,AFC Bournemouth,1,1,4506268,2024-08-17T14:00:00Z,#D71921,#D71921,2.0,0.465654622235994,0.292039840242411,
3,2709791287,Antoine Semenyo,AttemptSaved,RightFoot,RegularPlay,8678,933576,84.7373786408,45.051719741,65,SecondHalf,False,False,True,False,False,103.577586207,34.38125,34.22875,0.4879999976,0.0288429986685514,0.0130950678139925,OutsideBox,10203,8678,Nottingham Forest,AFC Bournemouth,1,1,4506268,2024-08-17T14:00:00Z,#D71921,#D71921,0.939484126984128,0.129100528465608,1.0,
4,2709828075,Antoine Semenyo,Goal,LeftFoot,RegularPlay,8678,933576,101.3965517244,33.39,86,SecondHalf,False,False,True,False,True,,,32.3225,0.7319999964,0.301543474197388,0.507495641708374,InsideBox,10203,8678,Nottingham Forest,AFC Bournemouth,1,1,4506268,2024-08-17T14:00:00Z,#D71921,#D71921,1.44378306878307,0.193650792698413,1.0,
5,2713300043,Antoine Semenyo,Post,LeftFoot,RegularPlay,8678,933576,81.471359224,15.8017834404,27,FirstHalf,False,False,False,False,False,,,36.05875,2.515,0.0198173187673092,0.0,OutsideBox,8678,10261,AFC Bournemouth,Newcastle United,1,1,4506273,2024-08-25T13:00:00Z,#D71921,#D71921,0.455357142857142,0.665343915343915,1.0,
6,2713304517,Antoine Semenyo,Miss,LeftFoot,RegularPlay,8678,933576,90.1,25.186875,34,FirstHalf,False,False,False,False,True,,,52.4784713368,3.8547586248,0.0417740233242512,0.0,InsideBox,8678,10261,AFC Bournemouth,Newcastle United,1,1,4506273,2024-08-25T13:00:00Z,#D71921,#D71921,0.0,0.208608090709496,0.204562375918624,
7,2713326325,Antoine Semenyo,AttemptSaved,LeftFoot,RegularPlay,8678,933576,96.8947368413,37.2025,50,SecondHalf,False,True,True,False,True,97.8596491223,36.8975,34.61,1.219999994,0.125975698232651,0.0,InsideBox,8678,10261,AFC Bournemouth,Newcastle United,1,1,4506273,2024-08-25T13:00:00Z,#D71921,#D71921,0.838624338624339,0.322751321164021,1.0,
8,2713329035,Antoine Semenyo,AttemptSaved,LeftFoot,RegularPlay,8678,933576,88.9,50.1663694249,53,SecondHalf,False,True,True,False,True,92.1,46.8033120985,32.475,1.219999994,0.0261659976094961,0.0,InsideBox,8678,10261,AFC Bournemouth,Newcastle United,1,1,4506273,2024-08-25T13:00:00Z,#D71921,#D71921,1.40343915343915,0.322751321164021,1.0,
9,2713333659,Antoine Semenyo,Miss,RightFoot,RegularPlay,8678,933576,94.0,16.4323566891,59,SecondHalf,False,False,False,False,True,,,34.305,5.7925517344,0.0160521399229765,0.0,InsideBox,8678,10261,AFC Bournemouth,Newcastle United,1,1,4506273,2024-08-25T13:00:00Z,#D71921,#D71921,0.964340267289431,0.677248677248677,0.441946851298199,
10,2713346967,Antoine Semenyo,AttemptSaved,RightFoot,RegularPlay,8678,933576,89.5,30.05190476,79,SecondHalf,False,True,True,False,True,90.8,30.268,35.0675,1.219999994,0.0608399622142315,0.0,InsideBox,8678,10261,AFC Bournemouth,Newcastle United,1,1,4506273,2024-08-25T13:00:00Z,#D71921,#D71921,0.717592592592592,0.322751321164021,1.0,
11,2713360669,Antoine Semenyo,AttemptSaved,LeftFoot,RegularPlay,8678,933576,82.9354368936,23.9992356735,90,SecondHalf,False,True,True,False,False,90.1,26.2853125,32.39875,1.219999994,0.0359850116074085,0.0,OutsideBox,8678,10261,AFC Bournemouth,Newcastle United,1,1,4506273,2024-08-25T13:00:00Z,#D71921,#D71921,1.42361111111111,0.322751321164021,1.0,8.0
12,2715381359,Antoine Semenyo,Miss,LeftFoot,RegularPlay,8678,933576,96.3157894727,25.7071875,7,FirstHalf,False,False,False,False,True,,,49.5357961762,1.4254736772,0.0758711323142052,0.0,InsideBox,8668,8678,Everton,AFC Bournemouth,2,3,4506286,2024-08-31T14:00:00Z,#D71921,#D71921,0.0,0.0917541438515877,0.243309062318335,
13,2715431595,Antoine Semenyo,AttemptSaved,LeftFoot,SetPiece,8678,933576,91.0,23.7189808963,35,FirstHalf,False,True,True,False,True,92.6,24.6998726165,32.85625,1.219999994,0.0150434551760554,0.0,InsideBox,8668,8678,Everton,AFC Bournemouth,2,3,4506286,2024-08-31T14:00:00Z,#D71921,#D71921,1.30257936507937,0.322751321164021,1.0,
14,2715543211,Antoine Semenyo,Goal,RightFoot,RegularPlay,8678,933576,101.9655172416,30.95,87,SecondHalf,False,False,True,False,True,,,32.85625,0.5265263132,0.46175953745842,0.765099883079529,InsideBox,8668,8678,Everton,AFC Bournemouth,2,3,4506286,2024-08-31T14:00:00Z,#D71921,#D71921,1.30257936507937,0.139292675449735,1.0,
15,2715554611,Antoine Semenyo,AttemptSaved,LeftFoot,RegularPlay,8678,933576,86.9970588232,36.36375,90,SecondHalf,False,False,True,False,False,104.051724138,34.1525,32.78,0.609999997,0.0315287560224533,0.0451293848454952,OutsideBox,8668,8678,Everton,AFC Bournemouth,2,3,4506286,2024-08-31T14:00:00Z,#D71921,#D71921,1.32275132275132,0.161375660582011,1.0,4.0
16,2715554973,Antoine Semenyo,Miss,LeftFoot,RegularPlay,8678,933576,90.2,25.53375,90,SecondHalf,False,False,False,False,True,,,39.292857144,3.8547586248,0.0637884512543678,0.0,InsideBox,8668,8678,Everton,AFC Bournemouth,2,3,4506286,2024-08-31T14:00:00Z,#D71921,#D71921,0.0700895053250731,0.677248677248677,0.664114215486793,4.0
17,2720285853,Antoine Semenyo,Miss,RightFoot,RegularPlay,8678,933576,74.150970876,31.56,13,FirstHalf,False,False,False,False,False,,,40.889761905,0.802631575,0.0149857420474291,0.0,OutsideBox,8678,8455,AFC Bournemouth,Chelsea,0,1,4506293,2024-09-14T19:00:00Z,#D71921,#D71921,-2.22044604925e-16,0.116496271724211,0.548640149270877,
18,2720333939,Antoine Semenyo,Miss,RightFoot,SetPiece,8678,933576,82.7101941752,36.2875,58,SecondHalf,False,False,False,False,False,,,30.316,4.4630344888,0.0385108813643456,0.0,OutsideBox,8678,8455,AFC Bournemouth,Chelsea,0,1,4506293,2024-09-14T19:00:00Z,#D71921,#D71921,1.55903312717957,0.677248677248677,0.573600765672846,
19,2720356029,Antoine Semenyo,AttemptSaved,RightFoot,RegularPlay,8678,933576,92.7,22.3877707046,89,SecondHalf,False,True,True,False,True,95.2543859636,24.4896815336,32.475,1.219999994,0.0485906191170216,0.0,InsideBox,8678,8455,AFC Bournemouth,Chelsea,0,1,4506293,2024-09-14T19:00:00Z,#D71921,#D71921,1.40343915343915,0.322751321164021,1.0,
20,2723331815,Antoine Semenyo,AttemptSaved,LeftFoot,RegularPlay,8678,933576,95.2543859636,37.756,20,FirstHalf,False,False,True,False,True,99.0175438595,37.708,34.7625,0.3659999982,0.241781577467918,0.417942523956299,InsideBox,8650,8678,Liverpool,AFC Bournemouth,3,0,4506308,2024-09-21T14:00:00Z,#D71921,#D71921,0.798280423280423,0.0968253963492064,1.0,
21,2723357057,Antoine Semenyo,Miss,RightFoot,RegularPlay,8678,933576,85.6014705876,23.5087898134,32,FirstHalf,False,False,False,False,False,,,42.1771875,0.4430526294,0.0373703055083752,0.0,OutsideBox,8650,8678,Liverpool,AFC Bournemouth,3,0,4506308,2024-09-21T14:00:00Z,#D71921,#D71921,0.0,0.0541815421744946,0.462261627240417,
22,2723421409,Antoine Semenyo,AttemptSaved,RightFoot,RegularPlay,8678,933576,83.160679612,27.950714285,50,SecondHalf,False,True,True,False,False,95.1578947355,30.304,32.475,1.219999994,0.0267856270074844,0.0,OutsideBox,8650,8678,Liverpool,AFC Bournemouth,3,0,4506308,2024-09-21T14:00:00Z,#D71921,#D71921,1.40343915343915,0.322751321164021,1.0,
23,2723431367,Antoine Semenyo,AttemptSaved,LeftFoot,RegularPlay,8678,933576,88.9,24.1393630621,54,SecondHalf,False,False,True,False,True,102.9137931036,32.6275,32.17,0.4879999976,0.0467097759246826,0.105196289718151,InsideBox,8650,8678,Liverpool,AFC Bournemouth,3,0,4506308,2024-09-21T14:00:00Z,#D71921,#D71921,1.48412698412698,0.129100528465608,1.0,
24,2728891983,Antoine Semenyo,Goal,RightFoot,RegularPlay,8678,933576,92.2,19.7954140155,39,FirstHalf,False,False,True,False,True,,,36.36375,0.0834736838,0.0609105713665485,0.212297916412354,InsideBox,8678,8466,AFC Bournemouth,Southampton,3,1,4506313,2024-09-30T19:00:00Z,#D71921,#D71921,0.374669312169311,0.0220829851322751,1.0,
25,2728917489,Antoine Semenyo,AttemptSaved,LeftFoot,RegularPlay,8678,933576,85.1720588228,22.0374522331,63,SecondHalf,False,True,True,False,False,88.9,24.6298089222,36.745,1.219999994,0.0273317489773035,0.0,OutsideBox,8678,8466,AFC Bournemouth,Southampton,3,1,4506313,2024-09-30T19:00:00Z,#D71921,#D71921,0.273809523809523,0.322751321164021,1.0,
26,2728918497,Antoine Semenyo,AttemptSaved,LeftFoot,RegularPlay,8678,933576,92.4,38.78857143,65,SecondHalf,False,True,True,False,True,94.0964912264,38.032142859,34.4575,0.6228421022,0.086152657866478,0.0,InsideBox,8678,8466,AFC Bournemouth,Southampton,3,1,4506313,2024-09-30T19:00:00Z,#D71921,#D71921,0.878968253968253,0.164773042910053,1.0,
27,2728925561,Antoine Semenyo,AttemptSaved,RightFoot,RegularPlay,8678,933576,94.0964912264,21.1966879015,80,SecondHalf,False,True,True,False,True,95.5438596479,22.8081528704,33.8475,1.219999994,0.0221192948520184,0.0,InsideBox,8678,8466,AFC Bournemouth,Southampton,3,1,4506313,2024-09-30T19:00:00Z,#D71921,#D71921,1.04034391534392,0.322751321164021,1.0,
28,2730680739,Antoine Semenyo,AttemptSaved,LeftFoot,RegularPlay,8678,933576,100.4482758624,41.31,32,FirstHalf,False,True,True,False,True,102.4396551726,38.704523811,36.21125,1.219999994,0.197994366288185,0.0,InsideBox,8197,8678,Leicester City,AFC Bournemouth,1,0,4506330,2024-10-05T14:00:00Z,#D71921,#D71921,0.415013227513228,0.322751321164021,1.0,
29,2730815555,Antoine Semenyo,AttemptSaved,LeftFoot,RegularPlay,8678,933576,85.1720588228,42.8709375,78,SecondHalf,False,True,True,False,False,87.3191176468,42.2928125,36.21125,1.219999994,0.0236962661147118,0.0,OutsideBox,8197,8678,Leicester City,AFC Bournemouth,1,0,4506330,2024-10-05T14:00:00Z,#D71921,#D71921,0.415013227513228,0.322751321164021,1.0,
30,2730843605,Antoine Semenyo,Miss,RightFoot,RegularPlay,8678,933576,96.7017543851,20.145732487,90,SecondHalf,False,False,False,False,True,,,27.53047619,2.407894725,0.0423760823905468,0.0,InsideBox,8197,8678,Leicester City,AFC Bournemouth,1,0,4506330,2024-10-05T14:00:00Z,#D71921,#D71921,2.0,0.372190410873532,0.584277933123489,0.0
31,2735682223,Antoine Semenyo,Miss,RightFoot,RegularPlay,8678,933576,80.345145632,37.94809524,16,FirstHalf,False,False,False,False,False,,,27.278333333,4.0980689704,0.033711165189743,0.0,OutsideBox,8678,9825,AFC Bournemouth,Arsenal,2,0,4506393,2024-10-19T16:30:00Z,#D71921,#D71921,2.0,0.609680481556674,0.562360525635391,
32,2735699271,Antoine Semenyo,AttemptSaved,LeftFoot,RegularPlay,8678,933576,96.5087719289,46.5931210156,33,FirstHalf,False,True,True,False,True,97.8596491223,45.051719741,32.70375,1.219999994,0.0291679687798023,0.0,InsideBox,8678,9825,AFC Bournemouth,Arsenal,2,0,4506393,2024-10-19T16:30:00Z,#D71921,#D71921,1.34292328042328,0.322751321164021,1.0,
33,2735702877,Antoine Semenyo,AttemptSaved,LeftFoot,RegularPlay,8678,933576,97.9561403504,47.9943949016,36,FirstHalf,False,False,True,False,True,104.3362068966,36.8975,37.2025,1.0979999946,0.0389508120715618,0.133756652474403,InsideBox,8678,9825,AFC Bournemouth,Arsenal,2,0,4506393,2024-10-19T16:30:00Z,#D71921,#D71921,0.152777777777778,0.290476189047619,1.0,
34,2735735673,Antoine Semenyo,Miss,RightFoot,RegularPlay,8678,933576,94.5789473669,30.304,47,SecondHalf,False,False,False,False,True,,,31.255,4.341379316,0.368799597024918,0.0,InsideBox,8678,9825,AFC Bournemouth,Arsenal,2,0,4506393,2024-10-19T16:30:00Z,#D71921,#D71921,1.42821589263029,0.677248677248677,0.589674343949908,
35,2735741569,Antoine Semenyo,AttemptSaved,RightFoot,RegularPlay,8678,933576,83.3859223304,27.698571428,52,SecondHalf,False,True,True,False,False,86.1382352936,28.707142856,35.22,1.219999994,0.0416055805981159,0.0,OutsideBox,8678,9825,AFC Bournemouth,Arsenal,2,0,4506393,2024-10-19T16:30:00Z,#D71921,#D71921,0.677248677248676,0.322751321164021,1.0,
36,2735767359,Antoine Semenyo,Miss,LeftFoot,FromCorner,8678,933576,97.3771929818,37.732,76,SecondHalf,False,False,False,False,True,,,38.872619049,2.1382105158,0.125884205102921,0.0,InsideBox,8678,9825,AFC Bournemouth,Arsenal,2,0,4506393,2024-10-19T16:30:00Z,#D71921,#D71921,0.0,0.438821605854622,0.775763498436383,
37,2739317397,Antoine Semenyo,Miss,RightFoot,FromCorner,8678,933576,91.7,43.9307006322,87,SecondHalf,False,False,False,False,True,,,18.8145222953,0.9824210478,0.0249054320156574,0.0,InsideBox,10252,8678,Aston Villa,AFC Bournemouth,1,1,4506404,2024-10-26T14:00:00Z,#D71921,#D71921,2.0,0.0646947739744752,0.248922034163605,
38,2742677773,Antoine Semenyo,AttemptSaved,LeftFoot,RegularPlay,8678,933576,90.5,34.22875,2,FirstHalf,False,False,True,False,True,101.9655172416,34.0,34.99125,0.3274736826,0.14867576956749,0.1547741740942,InsideBox,8678,8456,AFC Bournemouth,Manchester City,2,1,4506463,2024-11-02T15:00:00Z,#D71921,#D71921,0.73776455026455,0.0866332493650794,1.0,
39,2742692731,Antoine Semenyo,Goal,RightFoot,RegularPlay,8678,933576,98.8245614033,34.305,9,FirstHalf,False,False,True,False,True,,,32.3225,0.160526315,0.317600250244141,0.562039434909821,InsideBox,8678,8456,AFC Bournemouth,Manchester City,2,1,4506463,2024-11-02T15:00:00Z,#D71921,#D71921,1.44378306878307,0.0424672791005291,1.0,
40,2742696913,Antoine Semenyo,AttemptSaved,LeftFoot,RegularPlay,8678,933576,89.7,22.1775796217,11,FirstHalf,False,True,True,False,True,91.5,23.7189808963,35.44875,1.219999994,0.0239364765584469,0.0,InsideBox,8678,8456,AFC Bournemouth,Manchester City,2,1,4506463,2024-11-02T15:00:00Z,#D71921,#D71921,0.616732804232803,0.322751321164021,1.0,
41,2742823441,Antoine Semenyo,AttemptSaved,RightFoot,RegularPlay,8678,933576,95.1578947355,42.813125,60,SecondHalf,False,True,True,False,True,96.5087719289,42.235,35.75375,1.4254736772,0.0620989836752415,0.0,InsideBox,8678,8456,AFC Bournemouth,Manchester City,2,1,4506463,2024-11-02T15:00:00Z,#D71921,#D71921,0.536044973544974,0.377109438412698,1.0,
42,2746034805,Antoine Semenyo,AttemptSaved,LeftFoot,RegularPlay,8678,933576,90.7,25.8228125,11,FirstHalf,False,False,True,False,True,104.3362068966,33.46625,35.14375,0.2054736832,0.06407231092453,0.0914940908551216,InsideBox,9937,8678,Brentford,AFC Bournemouth,3,2,4506473,2024-11-09T15:00:00Z,#D71921,#D71921,0.697420634920634,0.0543581172486773,1.0,
43,2746093135,Antoine Semenyo,AttemptSaved,LeftFoot,RegularPlay,8678,933576,91.7,24.0692993678,37,FirstHalf,False,True,True,False,True,94.7719298231,25.880625,33.085,1.219999994,0.0277214981615543,0.0,InsideBox,9937,8678,Brentford,AFC Bournemouth,3,2,4506473,2024-11-09T15:00:00Z,#D71921,#D71921,1.24206349206349,0.322751321164021,1.0,
44,2746220947,Antoine Semenyo,AttemptSaved,LeftFoot,FromCorner,8678,933576,94.675438595,26.574375,80,SecondHalf,False,True,True,False,True,96.8947368413,27.950714285,32.39875,1.219999994,0.0401218868792057,0.0,InsideBox,9937,8678,Brentford,AFC Bournemouth,3,2,4506473,2024-11-09T15:00:00Z,#D71921,#D71921,1.42361111111111,0.322751321164021,1.0,
45,2746256933,Antoine Semenyo,AttemptSaved,LeftFoot,SetPiece,8678,933576,97.4736842099,48.2746496788,90,SecondHalf,False,True,True,False,True,100.5431034486,42.92875,34.915,1.219999994,0.00973162706941366,0.0,InsideBox,9937,8678,Brentford,AFC Bournemouth,3,2,4506473,2024-11-09T15:00:00Z,#D71921,#D71921,0.757936507936506,0.322751321164021,1.0,7.0
46,2746257635,Antoine Semenyo,AttemptSaved,RightFoot,RegularPlay,8678,933576,90.5,36.44,90,SecondHalf,False,True,True,False,True,93.9,35.90625,34.1525,1.219999994,0.139041036367416,0.0,InsideBox,9937,8678,Brentford,AFC Bournemouth,3,2,4506473,2024-11-09T15:00:00Z,#D71921,#D71921,0.959656084656084,0.322751321164021,1.0,8.0
47,2750485849,Antoine Semenyo,Miss,RightFoot,RegularPlay,8678,933576,84.5121359224,30.28,2,FirstHalf,False,False,False,False,False,,,39.208809525,0.3595789456,0.0579266101121902,0.0,OutsideBox,8678,10204,AFC Bournemouth,Brighton & Hove Albion,1,2,4506533,2024-11-23T15:00:00Z,#D71921,#D71921,0.0,0.0690328459649328,0.725693650700349,
48,2750509223,Antoine Semenyo,Miss,Header,RegularPlay,8678,933576,97.7631578942,33.00875,12,FirstHalf,False,False,False,False,True,,,49.956178342,0.4430526294,0.115867212414742,0.0,InsideBox,8678,10204,AFC Bournemouth,Brighton & Hove Albion,1,2,4506533,2024-11-23T15:00:00Z,#D71921,#D71921,0.0,0.0277668386441754,0.236898831222652,
49,2750649201,Antoine Semenyo,AttemptSaved,LeftFoot,RegularPlay,8678,933576,94.1929824545,48.554904456,62,SecondHalf,False,False,True,False,True,103.4827586208,37.05,31.56,0.3274736826,0.0366571620106697,0.172908559441566,InsideBox,8678,10204,AFC Bournemouth,Brighton & Hove Albion,1,2,4506533,2024-11-23T15:00:00Z,#D71921,#D71921,1.64550264550265,0.0866332493650794,1.0,
50,2750703975,Antoine Semenyo,Miss,Header,RegularPlay,8678,933576,96.5087719289,34.07625,89,SecondHalf,False,False,False,False,True,,,33.5425,4.2197241432,0.0724508017301559,0.0,InsideBox,8678,10204,AFC Bournemouth,Brighton & Hove Albion,1,2,4506533,2024-11-23T15:00:00Z,#D71921,#D71921,1.07342690169465,0.677248677248677,0.606674728755762,
51,2750716407,Antoine Semenyo,Post,LeftFoot,FromCorner,8678,933576,89.8,34.22875,90,SecondHalf,False,False,False,False,True,,,31.33125,2.476,0.0274587888270617,0.0,InsideBox,8678,10204,AFC Bournemouth,Brighton & Hove Albion,1,2,4506533,2024-11-23T15:00:00Z,#D71921,#D71921,1.70601851851852,0.655026455026455,1.0,8.0
52,2755689509,Antoine Semenyo,AttemptSaved,LeftFoot,RegularPlay,8678,933576,86.1382352936,36.135,29,FirstHalf,False,True,True,False,False,89.7,35.90625,34.99125,1.219999994,0.067364364862442,0.0,OutsideBox,8678,8586,AFC Bournemouth,Tottenham Hotspur,1,0,4506423,2024-12-05T20:15:00Z,#D71921,#D71921,0.73776455026455,0.322751321164021,1.0,
53,2755702921,Antoine Semenyo,Miss,LeftFoot,RegularPlay,8678,933576,91.4,22.8081528704,71,SecondHalf,False,False,False,False,True,,,37.684,4.341379316,0.0401934124529362,0.0,InsideBox,8678,8586,AFC Bournemouth,Tottenham Hotspur,1,0,4506423,2024-12-05T20:15:00Z,#D71921,#D71921,0.425301512404376,0.677248677248677,0.589674343949908,
54,2756977561,Antoine Semenyo,AttemptSaved,RightFoot,RegularPlay,8678,933576,91.5,51.357452228,34,FirstHalf,False,True,True,False,True,98.7280701752,42.2928125,34.07625,1.219999994,0.0274908840656281,0.0,InsideBox,9902,8678,Ipswich Town,AFC Bournemouth,1,2,4506438,2024-12-08T14:00:00Z,#D71921,#D71921,0.979828042328042,0.322751321164021,1.0,
55,2756989597,Antoine Semenyo,Miss,RightFoot,RegularPlay,8678,933576,82.7101941752,35.44875,42,FirstHalf,False,False,False,False,False,,,41.5990625,0.3595789456,0.047595739364624,0.0,OutsideBox,9902,8678,Ipswich Town,AFC Bournemouth,1,2,4506438,2024-12-08T14:00:00Z,#D71921,#D71921,0.0,0.0473188561878521,0.497429781634248,
56,2757037467,Antoine Semenyo,AttemptSaved,LeftFoot,RegularPlay,8678,933576,79.6694174768,41.225952381,59,SecondHalf,False,True,True,False,False,91.9,37.708,33.77125,1.219999994,0.0344624072313309,0.0,OutsideBox,9902,8678,Ipswich Town,AFC Bournemouth,1,2,4506438,2024-12-08T14:00:00Z,#D71921,#D71921,1.06051587301587,0.322751321164021,1.0,
57,2757057263,Antoine Semenyo,AttemptSaved,LeftFoot,RegularPlay,8678,933576,91.6,44.7014012695,78,SecondHalf,False,False,True,False,True,103.103448276,35.6775,37.27875,0.9759999952,0.0225607827305794,0.382909864187241,InsideBox,9902,8678,Ipswich Town,AFC Bournemouth,1,2,4506438,2024-12-08T14:00:00Z,#D71921,#D71921,0.13260582010582,0.258201056931217,1.0,
58,2760078915,Antoine Semenyo,AttemptSaved,Header,RegularPlay,8678,933576,98.4385964909,23.9992356735,8,FirstHalf,False,False,True,False,True,103.6724137932,32.24625,33.2375,1.3034736778,0.0205382369458675,0.0309828016906977,InsideBox,8678,8654,AFC Bournemouth,West Ham United,1,1,4506443,2024-12-16T20:00:00Z,#D71921,#D71921,1.20171957671958,0.344834306296296,1.0,
59,2760080091,Antoine Semenyo,Post,RightFoot,RegularPlay,8678,933576,91.7,27.53047619,12,FirstHalf,False,False,False,False,True,,,37.72,0.5265263132,0.179420441389084,0.0,InsideBox,8678,8654,AFC Bournemouth,West Ham United,1,1,4506443,2024-12-16T20:00:00Z,#D71921,#D71921,0.0158730158730163,0.139292675449735,1.0,
60,2760088677,Antoine Semenyo,AttemptSaved,LeftFoot,RegularPlay,8678,933576,88.6,21.4068789844,45,FirstHalf,False,True,True,False,True,93.5,25.07125,34.1525,1.219999994,0.0545212216675282,0.0,InsideBox,8678,8654,AFC Bournemouth,West Ham United,1,1,4506443,2024-12-16T20:00:00Z,#D71921,#D71921,0.959656084656084,0.322751321164021,1.0,0.0
61,2760092833,Antoine Semenyo,AttemptSaved,RightFoot,RegularPlay,8678,933576,93.6,44.0007643265,49,SecondHalf,False,False,True,False,True,103.4827586208,35.90625,35.83,0.2825263144,0.0746884047985077,0.140065625309944,InsideBox,8678,8654,AFC Bournemouth,West Ham United,1,1,4506443,2024-12-16T20:00:00Z,#D71921,#D71921,0.515873015873016,0.0747424112169312,1.0,
62,2760094403,Antoine Semenyo,AttemptSaved,RightFoot,FastBreak,8678,933576,93.8,23.5087898134,56,SecondHalf,False,True,True,False,True,98.3421052628,27.53047619,33.92375,1.219999994,0.106490157544613,0.0,InsideBox,8678,8654,AFC Bournemouth,West Ham United,1,1,4506443,2024-12-16T20:00:00Z,#D71921,#D71921,1.02017195767196,0.322751321164021,1.0,
63,2761540737,Antoine Semenyo,AttemptSaved,LeftFoot,RegularPlay,8678,933576,84.3995145632,35.22,9,FirstHalf,False,False,True,False,False,104.1465517242,33.46625,34.7625,0.5265263132,0.073538288474083,0.0531467869877815,OutsideBox,10260,8678,Manchester United,AFC Bournemouth,0,3,4506460,2024-12-22T14:00:00Z,#D71921,#D71921,0.798280423280423,0.139292675449735,1.0,
64,2761562301,Antoine Semenyo,AttemptSaved,RightFoot,RegularPlay,8678,933576,82.8228155344,47.0135031814,28,FirstHalf,False,True,True,False,False,85.4941176464,45.6822929897,34.7625,1.219999994,0.0134955337271094,0.0,OutsideBox,10260,8678,Manchester United,AFC Bournemouth,0,3,4506460,2024-12-22T14:00:00Z,#D71921,#D71921,0.798280423280423,0.322751321164021,1.0,
65,2761593165,Antoine Semenyo,Miss,LeftFoot,RegularPlay,8678,933576,93.5,25.2446875,47,SecondHalf,False,False,False,False,True,,,54.0198726114,4.5846896616,0.139896050095558,0.0,InsideBox,10260,8678,Manchester United,AFC Bournemouth,0,3,4506460,2024-12-22T14:00:00Z,#D71921,#D71921,-2.22044604925e-16,0.229006934788852,0.188812390237066,
66,2761608967,Antoine Semenyo,Goal,LeftFoot,FastBreak,8678,933576,96.0263157884,35.22,63,SecondHalf,False,False,True,False,True,,,35.44875,0.160526315,0.246188119053841,0.31321182847023,InsideBox,10260,8678,Manchester United,AFC Bournemouth,0,3,4506460,2024-12-22T14:00:00Z,#D71921,#D71921,0.616732804232803,0.0424672791005291,1.0,
67,2762198659,Antoine Semenyo,AttemptSaved,LeftFoot,FromCorner,8678,933576,103.0086206898,27.614523809,23,FirstHalf,False,False,True,True,True,104.4310344828,34.1525,36.8975,1.219999994,0.145852595567703,0.0,InsideBox,8678,9826,AFC Bournemouth,Crystal Palace,0,0,4506483,2024-12-26T15:00:00Z,#D71921,#D71921,0.233465608465608,0.322751321164021,1.0,
68,2762199269,Antoine Semenyo,AttemptSaved,RightFoot,RegularPlay,8678,933576,94.1929824545,23.8591082849,23,FirstHalf,False,True,True,False,True,95.5438596479,24.955625,33.00875,1.219999994,0.0429251790046692,0.0,InsideBox,8678,9826,AFC Bournemouth,Crystal Palace,0,0,4506483,2024-12-26T15:00:00Z,#D71921,#D71921,1.26223544973545,0.322751321164021,1.0,
69,2762208031,Antoine Semenyo,AttemptSaved,RightFoot,FastBreak,8678,933576,96.5087719289,22.7380891761,28,FirstHalf,False,True,True,False,True,97.6666666661,24.349554145,35.0675,1.219999994,0.0858707875013351,0.0,InsideBox,8678,9826,AFC Bournemouth,Crystal Palace,0,0,4506483,2024-12-26T15:00:00Z,#D71921,#D71921,0.717592592592592,0.322751321164021,1.0,
70,2762281149,Antoine Semenyo,Miss,RightFoot,RegularPlay,8678,933576,102.155172414,22.1775796217,70,SecondHalf,False,False,False,False,True,103.1982758622,68.0,67.8688151658,1.3355789408,0.0370156541466713,0.0,InsideBox,8678,9826,AFC Bournemouth,Crystal Palace,0,0,4506483,2024-12-26T15:00:00Z,#D71921,#D71921,0.0,0.0394338843641817,0.111607092881624,
71,2762302651,Antoine Semenyo,Miss,Header,RegularPlay,8678,933576,95.640350876,33.61875,86,SecondHalf,False,False,False,False,True,,,28.791190475,0.6228421022,0.0548249073326588,0.0,InsideBox,8678,9826,AFC Bournemouth,Crystal Palace,0,0,4506483,2024-12-26T15:00:00Z,#D71921,#D71921,2.0,0.119574751046402,0.725693650700349,
72,2762704157,Antoine Semenyo,AttemptSaved,LeftFoot,RegularPlay,8678,933576,98.9210526314,45.6122292954,31,FirstHalf,False,False,True,False,True,101.8706896554,40.46952381,37.05,0.9374736796,0.228461518883705,0.502496361732483,InsideBox,9879,8678,Fulham,AFC Bournemouth,2,2,4506497,2024-12-29T15:00:00Z,#D71921,#D71921,0.193121693121694,0.24800890994709,1.0,
73,2762783685,Antoine Semenyo,AttemptSaved,LeftFoot,RegularPlay,8678,933576,84.7373786408,41.888125,80,SecondHalf,False,False,True,False,False,104.4310344828,33.61875,35.14375,0.2439999988,0.0463777743279934,0.0545979365706444,OutsideBox,9879,8678,Fulham,AFC Bournemouth,2,2,4506497,2024-12-29T15:00:00Z,#D71921,#D71921,0.697420634920634,0.0645502642328042,1.0,
74,2763410613,Antoine Semenyo,AttemptSaved,LeftFoot,RegularPlay,8678,933576,100.9224137934,30.304,29,FirstHalf,False,False,True,False,True,102.2500000002,31.1025,34.22875,0.0834736838,0.181700468063354,0.339332640171051,InsideBox,8678,8668,AFC Bournemouth,Everton,1,0,4506503,2025-01-04T15:00:00Z,#D71921,#D71921,0.939484126984128,0.0220829851322751,1.0,
75,2763431425,Antoine Semenyo,AttemptSaved,Header,RegularPlay,8678,933576,99.0175438595,31.1025,45,FirstHalf,False,False,True,False,True,103.9568965518,32.78,32.09375,1.4639999928,0.162220060825348,0.532413244247437,InsideBox,8678,8668,AFC Bournemouth,Everton,1,0,4506503,2025-01-04T15:00:00Z,#D71921,#D71921,1.50429894179894,0.387301585396825,1.0,1.0
76,2763444861,Antoine Semenyo,AttemptSaved,LeftFoot,RegularPlay,8678,933576,86.5676470584,35.14375,47,SecondHalf,False,False,True,False,False,100.5431034486,34.68625,32.09375,0.160526315,0.140648514032364,0.279975295066834,OutsideBox,8678,8668,AFC Bournemouth,Everton,1,0,4506503,2025-01-04T15:00:00Z,#D71921,#D71921,1.50429894179894,0.0424672791005291,1.0,
77,2763486975,Antoine Semenyo,Miss,RightFoot,RegularPlay,8678,933576,84.286893204,47.854267513,80,SecondHalf,False,False,False,False,False,,,25.8228125,5.3059310432,0.0135773923248053,0.0,OutsideBox,8678,8668,AFC Bournemouth,Everton,1,0,4506503,2025-01-04T15:00:00Z,#D71921,#D71921,2.0,0.648869925411396,0.462261627240417,
78,2765517383,Antoine Semenyo,Goal,LeftFoot,RegularPlay,8678,933576,95.5438596479,46.8733757928,68,SecondHalf,False,False,True,False,True,,,35.60125,1.829999991,0.0265511106699705,0.154913008213043,InsideBox,8455,8678,Chelsea,AFC Bournemouth,2,2,4506520,2025-01-14T19:30:00Z,#D71921,#D71921,0.576388888888889,0.484126981746032,1.0,
79,2766252955,Antoine Semenyo,Miss,RightFoot,RegularPlay,8678,933576,94.675438595,30.34,4,FirstHalf,False,False,False,False,True,,,33.31375,5.9142069072,0.100574761629105,0.0,InsideBox,10261,8678,Newcastle United,AFC Bournemouth,1,4,4506530,2025-01-18T12:30:00Z,#D71921,#D71921,1.0785839778781,0.677248677248677,0.432856009295758,
80,2766333923,Antoine Semenyo,AttemptSaved,LeftFoot,RegularPlay,8678,933576,94.7719298231,47.854267513,90,SecondHalf,False,True,True,False,True,96.8947368413,44.6313375752,32.17,1.219999994,0.0350464172661304,0.0,InsideBox,10261,8678,Newcastle United,AFC Bournemouth,1,4,4506530,2025-01-18T12:30:00Z,#D71921,#D71921,1.48412698412698,0.322751321164021,1.0,0.0
81,2768670933,Antoine Semenyo,AttemptSaved,RightFoot,RegularPlay,8678,933576,92.2,24.2794904507,26,FirstHalf,False,False,True,False,True,103.1982758622,32.475,36.5925,0.160526315,0.0360928103327751,0.210111424326897,InsideBox,8678,10203,AFC Bournemouth,Nottingham Forest,5,0,4506603,2025-01-25T15:00:00Z,#D71921,#D71921,0.314153439153439,0.0424672791005291,1.0,
82,2768753045,Antoine Semenyo,AttemptSaved,LeftFoot,RegularPlay,8678,933576,94.0964912264,45.5421656011,57,SecondHalf,False,False,True,False,True,102.0603448278,37.27875,36.5925,0.609999997,0.100564070045948,0.409891963005066,InsideBox,8678,10203,AFC Bournemouth,Nottingham Forest,5,0,4506603,2025-01-25T15:00:00Z,#D71921,#D71921,0.314153439153439,0.161375660582011,1.0,
83,2768753167,Antoine Semenyo,AttemptSaved,LeftFoot,FastBreak,8678,933576,97.3771929818,45.6122292954,57,SecondHalf,False,True,True,False,True,99.5000000004,42.6396875,34.53375,1.219999994,0.051772803068161,0.0,InsideBox,8678,10203,AFC Bournemouth,Nottingham Forest,5,0,4506603,2025-01-25T15:00:00Z,#D71921,#D71921,0.858796296296295,0.322751321164021,1.0,
84,2768814299,Antoine Semenyo,Goal,RightFoot,FastBreak,8678,933576,97.7631578942,47.5740127358,90,SecondHalf,False,False,True,False,True,,,30.72125,0.2054736832,0.0481085516512394,0.753975450992584,InsideBox,8678,10203,AFC Bournemouth,Nottingham Forest,5,0,4506603,2025-01-25T15:00:00Z,#D71921,#D71921,1.86739417989418,0.0543581172486773,1.0,1.0
85,2771098699,Antoine Semenyo,AttemptSaved,RightFoot,RegularPlay,8678,933576,90.1,42.8709375,1,FirstHalf,False,False,True,False,True,103.577586207,34.68625,36.21125,0.0834736838,0.0324215888977051,0.166516184806824,InsideBox,8678,8650,AFC Bournemouth,Liverpool,0,2,4506613,2025-02-01T15:00:00Z,#D71921,#D71921,0.415013227513228,0.0220829851322751,1.0,
86,2771129419,Antoine Semenyo,AttemptSaved,RightFoot,RegularPlay,8678,933576,83.0480582528,43.8606369379,14,FirstHalf,False,True,True,False,False,87.8558823528,42.00375,33.39,1.219999994,0.0260915886610746,0.0,OutsideBox,8678,8650,AFC Bournemouth,Liverpool,0,2,4506613,2025-02-01T15:00:00Z,#D71921,#D71921,1.16137566137566,0.322751321164021,1.0,
87,2771143799,Antoine Semenyo,Post,LeftFoot,RegularPlay,8678,933576,98.2456140347,46.3829299327,20,FirstHalf,False,False,False,False,True,,,37.72,2.0739999898,0.0329396352171898,0.0,InsideBox,8678,8650,AFC Bournemouth,Liverpool,0,2,4506613,2025-02-01T15:00:00Z,#D71921,#D71921,0.0158730158730163,0.548677245978836,1.0,
88,2771239161,Antoine Semenyo,AttemptSaved,LeftFoot,SetPiece,8678,933576,98.4385964909,40.553571429,50,SecondHalf,False,False,True,False,True,101.1120689658,38.368333335,34.83875,0.160526315,0.519835352897644,0.404715210199356,InsideBox,8678,8650,AFC Bournemouth,Liverpool,0,2,4506613,2025-02-01T15:00:00Z,#D71921,#D71921,0.778108465608464,0.0424672791005291,1.0,
89,2771306673,Antoine Semenyo,Miss,Header,RegularPlay,8678,933576,98.0526315785,42.350625,82,SecondHalf,False,False,False,False,True,,,44.0007643265,0.802631575,0.0312102641910315,0.0,InsideBox,8678,8650,AFC Bournemouth,Liverpool,0,2,4506613,2025-02-01T15:00:00Z,#D71921,#D71921,1.110223024625e-16,0.0802570232430324,0.377971110666388,
90,2771308507,Antoine Semenyo,Miss,RightFoot,RegularPlay,8678,933576,83.8364077672,32.85625,83,SecondHalf,False,False,False,False,False,,,27.950714285,0.7127368386,0.0563207790255547,0.0,OutsideBox,8678,8650,AFC Bournemouth,Liverpool,0,2,4506613,2025-02-01T15:00:00Z,#D71921,#D71921,2.0,0.117821652370077,0.624867162519204,
91,2776518601,Antoine Semenyo,AttemptSaved,RightFoot,FastBreak,8678,933576,95.7368421041,35.60125,54,SecondHalf,False,False,True,False,True,101.681034483,34.68625,34.99125,1.6630526234,0.222784399986267,0.496753513813019,InsideBox,8466,8678,Southampton,AFC Bournemouth,1,3,4506630,2025-02-15T15:00:00Z,#D71921,#D71921,0.73776455026455,0.439961011481482,1.0,
92,2779495371,Antoine Semenyo,AttemptSaved,LeftFoot,RegularPlay,8678,933576,88.8,43.16,83,SecondHalf,False,True,True,False,True,91.7,41.4834375,31.4075,0.2696842092,0.0670094862580299,0.0,InsideBox,8678,8602,AFC Bournemouth,Wolverhampton Wanderers,0,1,4506633,2025-02-22T15:00:00Z,#D71921,#D71921,1.68584656084656,0.0713450288888889,1.0,
93,2781029085,Antoine Semenyo,AttemptSaved,LeftFoot,RegularPlay,8678,933576,96.2192982446,44.1408917151,34,FirstHalf,False,False,True,False,True,103.2931034484,37.2025,35.90625,0.3659999982,0.188406735658646,0.222495287656784,InsideBox,10204,8678,Brighton & Hove Albion,AFC Bournemouth,2,1,4506334,2025-02-25T19:30:00Z,#D71921,#D71921,0.495701058201058,0.0968253963492064,1.0,
94,2781090149,Antoine Semenyo,AttemptSaved,RightFoot,SetPiece,8678,933576,86.352941176,37.696,83,SecondHalf,False,False,True,False,False,103.6724137932,34.53375,32.78,0.449473682,0.0377443507313728,0.0663342252373695,OutsideBox,10204,8678,Brighton & Hove Albion,AFC Bournemouth,2,1,4506334,2025-02-25T19:30:00Z,#D71921,#D71921,1.32275132275132,0.118908381481481,1.0,
95,2786124209,Antoine Semenyo,AttemptSaved,RightFoot,SetPiece,8678,933576,92.2,33.61875,19,FirstHalf,False,True,True,False,True,98.0526315785,33.00875,32.3225,1.219999994,0.0577665120363236,0.0,InsideBox,8586,8678,Tottenham Hotspur,AFC Bournemouth,2,2,4506350,2025-03-09T14:00:00Z,#D71921,#D71921,1.44378306878307,0.322751321164021,1.0,
96,2786179011,Antoine Semenyo,AttemptSaved,LeftFoot,RegularPlay,8678,933576,97.7631578942,46.452993627,59,SecondHalf,False,True,True,False,True,98.535087719,45.051719741,32.55125,1.219999994,0.03671870008111,0.0,InsideBox,8586,8678,Tottenham Hotspur,AFC Bournemouth,2,2,4506350,2025-03-09T14:00:00Z,#D71921,#D71921,1.3832671957672,0.322751321164021,1.0,
97,2788606517,Antoine Semenyo,AttemptSaved,RightFoot,RegularPlay,8678,933576,92.8,30.22,35,FirstHalf,False,True,True,False,True,94.8684210512,30.304,33.00875,1.219999994,0.0711891353130341,0.0,InsideBox,8678,9937,AFC Bournemouth,Brentford,1,2,4506353,2025-03-15T17:30:00Z,#D71921,#D71921,1.26223544973545,0.322751321164021,1.0,
98,2788617103,Antoine Semenyo,Miss,RightFoot,RegularPlay,8678,933576,87.1044117644,51.0071337565,45,FirstHalf,False,False,False,False,False,,,32.6275,4.8280000072,0.0295854452997446,0.0,OutsideBox,8678,9937,AFC Bournemouth,Brentford,1,2,4506353,2025-03-15T17:30:00Z,#D71921,#D71921,1.19252771502436,0.677248677248677,0.530240264329385,1.0
99,2788627881,Antoine Semenyo,Post,Header,RegularPlay,8678,933576,97.4736842099,33.16125,47,SecondHalf,False,False,False,False,True,,,33.5425,2.554,0.302028059959412,0.0,InsideBox,8678,9937,AFC Bournemouth,Brentford,1,2,4506353,2025-03-15T17:30:00Z,#D71921,#D71921,1.12103174603175,0.675661375661376,1.0,
100,2788665401,Antoine Semenyo,AttemptSaved,LeftFoot,RegularPlay,8678,933576,89.9,23.0183439533,90,SecondHalf,False,False,True,False,True,103.1982758622,32.475,30.7975,0.4879999976,0.0339154079556465,0.445780336856842,InsideBox,8678,9937,AFC Bournemouth,Brentford,1,2,4506353,2025-03-15T17:30:00Z,#D71921,#D71921,1.84722222222222,0.129100528465608,1.0,1.0
101,2795080273,Antoine Semenyo,AttemptSaved,RightFoot,FromCorner,8678,933576,83.6111650488,39.208809525,15,FirstHalf,False,True,True,False,False,91.7,37.696,34.4575,1.219999994,0.0464482605457306,0.0,OutsideBox,8678,9902,AFC Bournemouth,Ipswich Town,1,2,4506363,2025-04-02T18:45:00Z,#D71921,#D71921,0.878968253968253,0.322751321164021,1.0,
102,2795080295,Antoine Semenyo,AttemptSaved,RightFoot,FromCorner,8678,933576,85.9235294112,36.135,15,FirstHalf,False,True,True,False,False,87.963235294,35.75375,32.6275,1.219999994,0.0181201826781034,0.0,OutsideBox,8678,9902,AFC Bournemouth,Ipswich Town,1,2,4506363,2025-04-02T18:45:00Z,#D71921,#D71921,1.36309523809524,0.322751321164021,1.0,
103,2795094509,Antoine Semenyo,AttemptSaved,LeftFoot,RegularPlay,8678,933576,76.7412621376,30.256,32,FirstHalf,False,False,True,False,False,102.629310345,33.00875,34.4575,0.5714736814,0.027791365981102,0.0130296964198351,OutsideBox,8678,9902,AFC Bournemouth,Ipswich Town,1,2,4506363,2025-04-02T18:45:00Z,#D71921,#D71921,0.878968253968253,0.151183513597884,1.0,
104,2795132479,Antoine Semenyo,Miss,RightFoot,RegularPlay,8678,933576,77.0791262152,47.2236942643,78,SecondHalf,False,False,False,False,False,,,39.881190477,0.4430526294,0.0133519694209099,0.0,OutsideBox,8678,9902,AFC Bournemouth,Ipswich Town,1,2,4506363,2025-04-02T18:45:00Z,#D71921,#D71921,1.110223024625e-16,0.075333834388238,0.642727015012135,
105,2795138601,Antoine Semenyo,AttemptSaved,LeftFoot,SetPiece,8678,933576,82.2597087384,37.5075,88,SecondHalf,False,True,True,False,False,95.8333333322,34.68625,32.6275,1.219999994,0.021200068295002,0.0,OutsideBox,8678,9902,AFC Bournemouth,Ipswich Town,1,2,4506363,2025-04-02T18:45:00Z,#D71921,#D71921,1.36309523809524,0.322751321164021,1.0,
106,2795146897,Antoine Semenyo,AttemptSaved,Header,RegularPlay,8678,933576,94.0964912264,31.1025,90,SecondHalf,False,True,True,False,True,97.2807017537,31.56,32.55125,1.219999994,0.0411481857299805,0.0,InsideBox,8678,9902,AFC Bournemouth,Ipswich Town,1,2,4506363,2025-04-02T18:45:00Z,#D71921,#D71921,1.3832671957672,0.322751321164021,1.0,0.0
107,2796246465,Antoine Semenyo,AttemptSaved,RightFoot,RegularPlay,8678,933576,98.0526315785,17.4132484093,38,FirstHalf,False,False,True,False,True,104.1465517242,31.56,32.3225,0.1219999994,0.0235915221273899,0.0476641021668911,InsideBox,8654,8678,West Ham United,AFC Bournemouth,2,2,4506382,2025-04-05T14:00:00Z,#D71921,#D71921,1.44378306878307,0.0322751321164021,1.0,
108,2796266183,Antoine Semenyo,AttemptSaved,LeftFoot,SetPiece,8678,933576,82.597572816,40.553571429,45,FirstHalf,False,True,True,False,False,91.9,38.368333335,35.90625,1.219999994,0.0380643345415592,0.0,OutsideBox,8654,8678,West Ham United,AFC Bournemouth,2,2,4506382,2025-04-05T14:00:00Z,#D71921,#D71921,0.495701058201058,0.322751321164021,1.0,0.0
109,2796377697,Antoine Semenyo,AttemptSaved,LeftFoot,FastBreak,8678,933576,87.8558823528,41.5990625,82,SecondHalf,False,False,True,False,False,98.9210526314,35.6775,34.1525,0.1219999994,0.0771053284406662,0.122777059674263,OutsideBox,8654,8678,West Ham United,AFC Bournemouth,2,2,4506382,2025-04-05T14:00:00Z,#D71921,#D71921,0.959656084656084,0.0322751321164021,1.0,
110,2796398275,Antoine Semenyo,Miss,LeftFoot,RegularPlay,8678,933576,85.7088235288,21.547006373,90,SecondHalf,False,False,False,False,False,,,44.0007643265,3.1335172432,0.0283446442335844,0.0,OutsideBox,8654,8678,West Ham United,AFC Bournemouth,2,2,4506382,2025-04-05T14:00:00Z,#D71921,#D71921,1.110223024625e-16,0.313327775847773,0.377971110666388,2.0
111,2796400955,Antoine Semenyo,AttemptSaved,LeftFoot,RegularPlay,8678,933576,87.2117647056,20.84636943,90,SecondHalf,False,True,True,False,False,88.7,21.8272611502,33.5425,1.219999994,0.0190866254270077,0.0,OutsideBox,8654,8678,West Ham United,AFC Bournemouth,2,2,4506382,2025-04-05T14:00:00Z,#D71921,#D71921,1.12103174603175,0.322751321164021,1.0,3.0
112,2801458849,Antoine Semenyo,Goal,LeftFoot,FastBreak,8678,933576,90.9,26.4009375,1,FirstHalf,False,False,True,False,True,,,36.5925,0.3659999982,0.11945116519928,0.703134477138519,InsideBox,8678,9879,AFC Bournemouth,Fulham,1,0,4506383,2025-04-14T19:00:00Z,#D71921,#D71921,0.314153439153439,0.0968253963492064,1.0,
